{
  "users": [
    {
      "email": "regular@example.com",
      "password": "$2a$10$2myKMolZJoH.q.cyXClQXufY1Mc7ETKdSaQQCC6Fgtbe0DCXRBELG",
      "id": 1
    },
    {
      "email": "admin@example.com",
      "password": "$2a$10$w8qB40MdYkMs3dgGGf0Pu.xxVOOzWdZ5/Nrkleo3Gqc88PF/OQhOG",
      "id": 2
    }
  ],
  "products": [
    {
      "id": "hdmdu0t80yjkfqselfc",
      "name": "shoes",
      "stock": 9,
      "price": 399.99,
      "shortDesc": "Nulla facilisi. Curabitur at lacus ac velit ornare lobortis.",
      "description": "Cras sagittis. Praesent nec nisl a purus blandit viverra. Ut leo. Donec quam felis, ultricies nec, pellentesque eu, pretium quis, sem. Fusce a quam."
    },
    {
      "id": "3dc7fiyzlfmkfqseqam",
      "name": "bags",
      "stock": 20,
      "price": 299.99,
      "shortDesc": "Nulla facilisi. Curabitur at lacus ac velit ornare lobortis.",
      "description": "Cras sagittis. Praesent nec nisl a purus blandit viverra. Ut leo. Donec quam felis, ultricies nec, pellentesque eu, pretium quis, sem. Fusce a quam."
    },
    {
      "id": "aoe8wvdxvrkfqsew67",
      "name": "shirts",
      "stock": 14,
      "price": 149.99,
      "shortDesc": "Nulla facilisi. Curabitur at lacus ac velit ornare lobortis.",
      "description": "Cras sagittis. Praesent nec nisl a purus blandit viverra. Ut leo. Donec quam felis, ultricies nec, pellentesque eu, pretium quis, sem. Fusce a quam."
    },
    {
      "id": "bmfrurdkswtkfqsf15j",
      "name": "shorts",
      "stock": 5,
      "price": 109.99,
      "shortDesc": "Nulla facilisi. Curabitur at lacus ac velit ornare lobortis.",
      "description": "Cras sagittis. Praesent nec nisl a purus blandit viverra. Ut leo. Donec quam felis, ultricies nec, pellentesque eu, pretium quis, sem. Fusce a quam."
    },
    {
      "id": "5eomjcdatgklgego5ov",
      "name": "maize",
      "price": "3",
      "stock": "7",
      "shortDesc": "sdfgbhn",
      "description": "xcvbnmnbv "
    },
    {
      "id": "1r8kio6o47tlgen38z8",
      "name": "maize",
      "price": "1000",
      "stock": "100",
      "shortDesc": "asdfghjk",
      "description": "qwertyuiop;;lkjhgfd"
    }
  ]
}